Liam	Johnson	Afghanistan	Ancient Meitei) (Sino-Tibetan)	Preschool	gmail.com	93
Noah	Williams	Albania	Are'are (Malayo-Polynesian)	Elementary school	yahoo.com	355
Oliver	Brown	Algeria	Auhelawa (Malayo-Polynesian)	Middle school	hotmail.com	213
James	Jones	Andorra	A'Tong (Tibeto-Burman)	High school	aol.com	376
Elijah	Garcia	Angola	Aari (Omotic)	College	hotmail.co.uk	244
William	Miller	Antigua and Barbuda	Abanyom (Bantu)	Bachelor's degree	hotmail.fr	672
Henry	Davis	Argentina	Abaza (Northwest Caucasian)	Master's degree	msn.com	54
Lucas	Rodriguez	Armenia	Abkhaz or Abkhazian (Northwest Caucasian)	Doctorate degree	yahoo.fr	374
Benjamin	Martinez	Australia	Abujmaria (Dravidian)	0	wanadoo.fr	297
Theodore	Hernandez	Austria	Acehnese (Malayo-Polynesian)	0	orange.fr	61
Olivia	Lopez	Azerbaijan	Adamorobe Sign Language (Signing)	0	comcast.net	43
Emma	Gonzalez	The Bahamas	Adele (Kwa)	0	yahoo.co.uk	994
Charlotte	Wilson	Bahrain	Adyghe (Northwest Caucasian)	0	yahoo.com.br	973
Amelia	Anderson	Bangladesh	Afar (Cushitic)	0	yahoo.co.in	880
Sophia	Thomas	Barbados	Afrikaans (Germanic)	0	live.com	375
Isabella	Taylor	Belarus	Afro-Seminole Creole (English-based creole)	0	rediffmail.com	32
Ava	Moore	Belgium	Aimaq or Barbari (Iranian)	0	free.fr	501
Mia	Jackson	Belize	Aini (Turkic)	0	gmx.de	229
Evelyn	Martin	Benin	Ainu (language isolate)	0	web.de	975
Luna	Lee	Bhutan	Akan (Kwa)	0	yandex.ru	591
Harper	Perez	Bolivia	Akawaio (Carib)	0	ymail.com	387
Camila	Thompson	Bosnia and Herzegovina	Aklanon (Malayo-Polynesian)	0	libero.it	267
Sofia	White	Botswana	Albanian (Indo-European)	0	outlook.com	55
Scarlett	Harris	Brazil	Aleut (Eskimo–Aleut)	0	uol.com.br	246
Elizabeth	Sanchez	Brunei	Algonquin (Algonquian)	0	bol.com.br	673
Eleanor	Clark	Bulgaria	Alsatian (Germanic)	0	mail.ru	359
Emily	Ramirez	Burkina Faso	Altay (Turkic)	0	cox.net	226
Chloe	Lewis	Burundi	Alutor (Chukotko-Kamchatkan)	0	hotmail.it	257
Mila	Robinson	Cabo Verde	American Sign Language (Signing)	0	sbcglobal.net	855
Violet	Walker	Cambodia	Amharic (Semitic)	0	sfr.fr	237
Penelope	Young	Cameroon	Anda (Khoisan)	0	live.fr	1
Gianna	Allen	Canada	Amdang (Nilo-Saharan)	0	verizon.net	238
Aria	King	Central African Republic	Angika (Indo-Aryan)	0	live.co.uk	236
Abigail	Wright	Chad	Anyin (Kwa)	0	googlemail.com	235
Ella	Scott	Chile	Ao (Tibeto-Burman)	0	yahoo.es	56
Avery	Torres	China	A-Pucikwar (Andamanese)	0	ig.com.br	86
Hazel	Nguyen	Colombia	Arabic (Semitic)	0	live.nl	57
Nora	Hill	Comoros	Aragonese (Romance)	0	bigpond.com	269
Layla	Flores	Congo, Democratic Republic	Aramaic (Semitic)	0	terra.com.br	682
Lily	Green	Congo, Republic	Are (Malayo-Polynesian)	0	yahoo.it	506
Aurora	Adams	Costa Rica	Argobba (Semitic)	0	neuf.fr	385
Nova	Nelson	Côte d’Ivoire	Aromanian or Macedo-Romanian (Romance)	0	yahoo.de	53
Ellie	Baker	Croatia	Armenian (Indo-European)	0	alice.it	599
Madison	Hall	Cuba	Arvanitic (Indo-European)	0	rocketmail.com	357
Grace	Rivera	Cyprus	Ashkun (Indo-Iranian)	0	att.net	420
Isla	Campbell	Czech Republic	Assamese (Indo-Iranian)	0	laposte.net	243
Willow	Mitchell	Denmark	Assyrian Neo-Aramaic (Semitic)	0	facebook.com	45
Zoe	Carter	Djibouti	Ateso or Teso (Nilotic)	0	bellsouth.net	253
Riley	Roberts	Dominica	Asi (Malayo-Polynesian)	0	yahoo.in	670
Stella	Gomez	Dominican Republic	Asturian (Romance)	0	hotmail.es	593
Eliana	Phillips	East Timor (Timor-Leste)	Auslan (Signing)	0	charter.net	20
Ivy	Evans	Ecuador	Austro-Bavarian (Germanic)	0	yahoo.ca	503
Victoria	Turner	Egypt	Avar (Northeast Caucasian)	0	yahoo.com.au	240
Emilia	Diaz	El Salvador	Avestan (Indo-Iranian)	0	rambler.ru	291
Zoey	Parker	Equatorial Guinea	Awadhi (Indo-Iranian)	0	hotmail.de	372
Naomi	Cruz	Eritrea	Aymara (Aymaran)	0	tiscali.it	251
Hannah	Edwards	Estonia	Azerbaijani (Turkic)	0	shaw.ca	500
Lucy	Collins	Eswatini	Badaga (Dravidian)	0	yahoo.co.jp	298
Elena	Reyes	Ethiopia	Badeshi (Indo-Iranian)	0	sky.com	679
Lillian	Stewart	Fiji	Bahnar (Austroasiatic)	0	earthlink.net	358
Maya	Morris	Finland	Balinese (Malayo-Polynesian)	0	optonline.net	33
Leah	Morales	France	Balochi (Indo-Iranian)	0	freenet.de	689
Paisley	Murphy	Gabon	Balti (Tibeto-Burman)	0	t-online.de	241
Addison	Cook	The Gambia	Bambara or Bamanankan (Mande)	0	aliceadsl.fr	220
Natalie	Rogers	Georgia	Banjar (Malayo-Polynesian)	0	virgilio.it	995
Valentina	Gutierrez	Germany	Banyumasan (Malayo-Polynesian)	0	home.nl	49
Everly	Ortiz	Ghana	Bartangi (Iranian)	0	qq.com	233
Delilah	Morgan	Greece	Basaa (Bantu)	0	telenet.be	350
Leilani	Cooper	Grenada	Bashkardi (Iranian)	0	me.com	30
Madelyn	Peterson	Guatemala	Bashkir (Turkic)	0	yahoo.com.ar	299
Kinsley	Bailey	Guinea	Basque (Isolated)	0	tiscali.co.uk	502
Ruby	Reed	Guinea-Bissau	Batak Karo (Malayo-Polynesian)	0	yahoo.com.mx	224
Sophie	Kelly	Guyana	Batak Toba (Malayo-Polynesian)	0	voila.fr	245
Alice	Howard	Haiti	Bats (North Caucasian)	0	gmx.net	592
Genesis	Ramos	Honduras	Beja (Cushitic)	0	mail.com	509
Claire	Kim	Hungary	Belarusian (Slavic)	0	planet.nl	504
Audrey	Cox	Iceland	Belhare (Tibeto-Burman)	0	tin.it	852
Sadie	Ward	India	Berta (Nilo-Saharan)	0	live.it	36
Aaliyah	Richardson	Indonesia	Bemba (Bantu)	0	ntlworld.com	354
Josephine	Watson	Iran	Bengali (Dravidian)	0	arcor.de	91
Autumn	Brooks	Iraq	Bezhta (Northeast Caucasian)	0	yahoo.co.id	62
Brooklyn	Chavez	Ireland	Betawi (Malayo-Polynesian)	0	frontiernet.net	98
Quinn	Wood	Israel	Bete (Niger–Congo)	0	hetnet.nl	964
Kennedy	James	Italy	Bhili (Indo-Aryan)	0	live.com.au	353
Cora	Bennett	Jamaica	Bhojpuri (Indo-Aryan)	0	yahoo.com.sg	972
Savannah	Gray	Japan	Bijil Neo-Aramaic (Semitic)	0	zonnet.nl	39
Caroline	Mendoza	Jordan	Bikol (Malayo-Polynesian)	0	club-internet.fr	225
Athena	Ruiz	Kazakhstan	Bikya or Furu (Bantu)	0	juno.com	81
Natalia	Hughes	Kenya	Bissa (Mande)	0	optusnet.com.au	962
Hailey	Price	Kiribati	Blackfoot (Algonquian)	0	blueyonder.co.uk	7
Aubrey	Alvarez	Korea, North	Boholano (Malayo-Polynesian)	0	bluewin.ch	254
Emery	Castillo	Korea, South	Bohtan Neo-Aramaic (Semitic)	0	skynet.be	686
Anna	Sanders	Kosovo	Bonan or Paoan (Mongolic)	0	sympatico.ca	383
Iris	Patel	Kuwait	Bororo (Bororoan)	0	windstream.net	965
Bella	Myers	Kyrgyzstan	Bodo (Bodo)	0	mac.com	996
Eloise	Long	Laos	Bosnian (Slavic)	0	centurytel.net	856
Skylar	Ross	Latvia	Brahui (Dravidian)	0	chello.nl	371
Jade	Foster	Lebanon	Breton (Celtic)	0	live.ca	961
Gabriella	Jimenez	Lesotho	British Sign Language (Signing)	0	aim.com	266
Ariana	Powell	Liberia	Bua (Niger–Congo)	0	bigpond.net.au	231
Maria	Jenkins	Libya	Buginese (Malayo-Polynesian)	0	0	218
Adeline	Perry	Liechtenstein	Bukusu (Bantu)	0	0	423
Lydia	Russell	Lithuania	Bulgarian (Slavic)	0	0	370
Sarah	Sullivan	Luxembourg	Bunjevac (Slavic)	0	0	352
Nevaeh	Bell	Madagascar	Burmese (Tibeto-Burman)	0	0	853
Serenity	Coleman	Malawi	Burushaski (language isolate)	0	0	389
Liliana	Butler	Malaysia	Buryat (Mongolic)	0	0	261
Ayla	Henderson	Maldives	Caddo (Caddoan)	0	0	265
Everleigh	Barnes	Mali	Cahuilla (Uto-Aztecan)	0	0	60
Raelynn	Gonzales	Malta	Caluyanon or Caluyanun (Malayo-Polynesian)	0	0	960
Mateo	Fisher	Marshall Islands	Cantonese (Sinitic)	0	0	223
Levi	Vasquez	Mauritania	Catalan (Romance)	0	0	356
Sebastian	Simmons	Mauritius	Cayuga (Iroquoian)	0	0	692
Daniel	Romero	Mexico	Cebuano (Malayo-Polynesian)	0	0	222
Jack	Jordan	Micronesia, Federated States	Chabacano or Chavacano (Creole)	0	0	230
Michael	Patterson	Moldova	Chaga or Kichagga (Bantu)	0	0	262
Alexander	Alexander	Monaco	Chakma (Indo-Aryan)	0	0	52
Owen	Hamilton	Mongolia	Chaldean Neo-Aramaic (Semitic)	0	0	691
Asher	Graham	Montenegro	Chamorro (Malayo-Polynesian)	0	0	373
Samuel	Reynolds	Morocco	Chaouia or Tachawit (Berber)	0	0	377
Ethan	Griffin	Mozambique	Chechen (Northeast Caucasian)	0	0	976
Leo	Wallace	Myanmar (Burma)	Chenchu (Dravidian)	0	0	382
Jackson	Moreno	Namibia	Chenoua (Berber)	0	0	212
Mason	West	Nauru	Cherokee (Iroquoian)	0	0	258
Ezra	Cole	Nepal	Cheyenne (Algonquian)	0	0	95
John	Hayes	Netherlands	Chhattisgarhi (Indo-Aryan)	0	0	264
Hudson	Bryant	New Zealand	Chickasaw (Muskogean)	0	0	674
Luca	Herrera	Nicaragua	Chintang or Chhintang (Tibeto-Burman)	0	0	977
Aiden	Gibson	Niger	Chilcotin (Athabaskan)	0	0	31
Joseph	Ellis	Nigeria	Chinese (Sinitic)	0	0	687
David	Tran	North Macedonia	Chiricahua or Mescalero-Chiricahua Apache (Athabaskan)	0	0	64
Jacob	Medina	Norway	Chichewa or Nyanja (Bantu)	0	0	505
Logan	Aguilar	Oman	Chipewyan (Athabaskan)	0	0	227
Luke	Stevens	Pakistan	Chittagonian (Indo-Aryan)	0	0	234
Julian	Murray	Palau	Choctaw (Muskogean)	0	0	683
Gabriel	Ford	Panama	Chorasmian or Khwarezmian (Iranian)	0	0	850
Grayson	Castro	Papua New Guinea	Chukchi or Chukot (Chukotko-Kamchatkan)	0	0	47
Wyatt	Marshall	Paraguay	Chulym (Turkic)	0	0	968
Matthew	Owens	Peru	Church Slavonic (Slavic)	0	0	92
Maverick	Harrison	Philippines	Chuukese or Trukese (Malayo-Polynesian)	0	0	680
Dylan	Fernandez	Poland	Chuvash (Turkic)	0	0	970
Isaac	Mcdonald	Portugal	Cocoma or Cocama (Tupian)	0	0	507
Elias	Woods	Qatar	Cocopa (Hokan)	0	0	675
Anthony	Washington	Romania	Coeur d’Alene (Salishan)	0	0	595
Thomas	Kennedy	Russia	Comanche (Uto-Aztecan)	0	0	51
Jayden	Wells	Rwanda	Comorian (Bantu)	0	0	63
Carter	Vargas	Saint Kitts and Nevis	Cornish (Celtic) (revived)	0	0	48
Santiago	Henry	Saint Lucia	Corsican (Romance)	0	0	351
Ezekiel	Chen	Saint Vincent and the Grenadines	Cree (Algonquian)	0	0	974
Charles	Freeman	Samoa	Crimean Tatar or Crimean Turkish (Turkic)	0	0	242
Josiah	Webb	San Marino	Croatian (Slavic)	0	0	40
Caleb	Tucker	Sao Tome and Principe	Cuyonon (Malayo-Polynesian)	0	0	250
Cooper	Guzman	Saudi Arabia	Czech (Slavic)	0	0	590
Lincoln	Burns	Senegal	Dagbani (Gur)	0	0	290
Miles	Crawford	Serbia	Dahlik (Semitic)	0	0	508
Christopher	Olson	Seychelles	Dalecarlian (Germanic)	0	0	685
Nathan	Simpson	Sierra Leone	Dameli (Indo-Aryan)	0	0	378
Isaiah	Porter	Singapore	Danish (Germanic)	0	0	239
Kai	Hunter	Slovakia	Dargin (Northeast Caucasian)	0	0	966
Joshua	Gordon	Slovenia	Dakota (Siouan-Catawban)	0	0	221
Andrew	Mendez	Solomon Islands	Dari (Zoroastrian) (Iranian)	0	0	381
Angel	Silva	Somalia	Dari-Persian (Iranian)	0	0	248
Adrian	Shaw	South Africa	Daur or Dagur (Mongolic)	0	0	232
Cameron	Snyder	Spain	Dena'ina or Tanaina (Athapaskan)	0	0	65
Nolan	Mason	Sri Lanka	Dhatki (Indo-Aryan)	0	0	421
Waylon	Dixon	Sudan	Dhivehi or Maldivian (Indo-Aryan)	0	0	386
Jaxon	Muñoz	Sudan, South	Dida (Kru)	0	0	677
Roman	Hunt	Suriname	Dioula or Jula (Mande)	0	0	252
Eli	Hicks	Sweden	Dogri (Indo-Aryan)	0	0	27
Wesley	Holmes	Switzerland	Dogrib or Tli Cho (Athapaskan)	0	0	82
Aaron	Palmer	Syria	Dolgan (Turkic)	0	0	211
Ian	Wagner	Taiwan	Domaaki or Dumaki (Indo-Aryan)	0	0	34
Christian	Black	Tajikistan	Dongxiang or Santa (Mongolic)	0	0	94
Ryan	Robertson	Tanzania	Duala (Bantu)	0	0	249
Leonardo	Boyd	Thailand	Dungan (Sinitic)	0	0	597
Brooks	Rose	Togo	Dutch (Germanic)	0	0	268
Axel	Stone	Tonga	Dzhidi or Judeo-Persian (Iranian)	0	0	46
Walker	Salazar	Trinidad and Tobago	Dzongkha (Tibeto-Burman)	0	0	41
Jonathan	Fox	Tunisia	Eastern Yugur (Mongolic)	0	0	963
Easton	Warren	Turkey	Edo (Nigeria)	0	0	886
Everett	Mills	Turkmenistan	Efik (Nigeria)	0	0	992
Weston	Meyer	Tuvalu	Esan (Nigeria)	0	0	255
Bennett	Rice	Uganda	Egyptian Arabic (Semitic)	0	0	66
Robert	Schmidt	Ukraine	Ekoti (Bantu)	0	0	228
Jameson	Garza	United Arab Emirates	Enets or Yenisey Samoyed (Samoyedic)	0	0	690
Landon	Daniels	United Kingdom	English (Germanic)	0	0	676
Silas	Ferguson	United States	Erzya (Uralic)	0	0	216
Jose	Nichols	Uruguay	Esperanto (constructed language)	0	0	90
Beau	Stephens	Uzbekistan	Estonian (Uralic)	0	0	993
Micah	Soto	Vanuatu	Even (Tungusic)	0	0	688
Colton	Weaver	Vatican City	Evenk or Evenki (Tungusic)	0	0	256
Jordan	Ryan	Venezuela	Ewe (Volta–Niger)	0	0	380
Jeremiah	Gardner	Vietnam	Extremaduran (Romance)	0	0	971
Parker	Payne	Yemen	Faroese language (Germanic)	0	0	44
Greyson	Grant	Zambia	Fang (Bantu)	0	0	598
Rowan	Dunn	Zimbabwe	Fijian (Malayo-Polynesian)	0	0	998
Adam	Kelley	0	Filipino (Malayo-Polynesian)	0	0	678
Nicholas	Spencer	0	Finnish (Uralic)	0	0	379
Theo	Hawkins	0	Finnish Sign Language (Signing)	0	0	58
Xavier	Arnold	0	Flemish language (Belgium)	0	0	84
Unique	Pierce	0	Fon (Volta–Niger)	0	0	681
Apollo	Vazquez	0	Franco-Provençal or Arpitan (Romance)	0	0	967
Maeve	Hansen	0	French (Romance)	0	0	260
Stephen	Peters	0	French Sign Language (Signing)	0	0	263
Katherine	Santos	0	Frisian, North (Germanic)	0	0	0
Adonis	Hart	0	Frisian, Saterland (Germanic)	0	0	0
Kaylee	Bradley	0	Frisian, West (Germanic)	0	0	0
Jared	Knight	0	Friulian (Romance)	0	0	0
Ryder	Elliott	0	Fula or Fulfulde or Fulani (Senegambian)	0	0	0
Dhruv	Cunningham	0	Fur (Nilo-Saharan)	0	0	0
Chase	Duncan	0	Ga (Kwa)	0	0	0
Harvey	Armstrong	0	Gadaba (Dravidian)	0	0	0
Juniper	Hudson	0	Gagauz (Turkic)	0	0	0
Jean	Carroll	0	Galician (Romance)	0	0	0
Colin	Lane	0	Gallo (Romance)	0	0	0
Amy	Riley	0	Gan (Sinitic)	0	0	0
Lina	Andrews	0	Ganda (Bantu)	0	0	0
Vihaan	Alvarado	0	Gangte (Tibeto-Burman)	0	0	0
Anne	Ray	0	Garhwali (Indo-Aryan)	0	0	0
Tiffany	Delgado	0	Gayo (Malayo-Polynesian)	0	0	0
Aurelia	Berry	0	Gen or Gẽ or Mina (Volta–Niger)	0	0	0
Anya	Perkins	0	Georgian (South Caucasian)	0	0	0
Amara	Hoffman	0	German (Germanic)	0	0	0
Remi	Johnston	0	German Sign Language (Signing)	0	0	0
Finn	Matthews	0	Gikuyu or Kikuyu (Bantu)	0	0	0
Ari	Peña	0	Gilbertese or Kiribati (Malayo-Polynesian)	0	0	0
Wren	Richards	0	Gileki (Iranian)	0	0	0
Amaya	Contreras	0	Goaria (Indo-Aryan)	0	0	0
Kayden	Willis	0	Gondi (Dravidian)	0	0	0
River	Carpenter	0	Gorani or Gurani (Iranian)	0	0	0
Arlo	Lawrence	0	Gowro (Indo-Aryan)	0	0	0
Atlas	Sandoval	0	Gawar-Bati or Gowari or Narsati (Indo-Aryan)	0	0	0
Shiloh	Guerrero	0	Greek (Indo-European)	0	0	0
Zion	George	0	Guaraní (Tupian)	0	0	0
Sienna	Chapman	0	Guinea-Bissau Creole (Portuguese-based creole)	0	0	0
Jude	Rios	0	Gujarati (Indo-Aryan)	0	0	0
Charlie	Estrada	0	Gula Iro or Kulaal (Adamawa)	0	0	0
Milo	Ortega	0	Gullah or Sea Island Creole English	0	0	0
Alex	Watkins	0	Gusii (Bantu)	0	0	0
Enzo	Greene	0	Gwichʼin (Athabaskan)	0	0	0
Emerson	Nuñez	0	Hadza (Language isolate)	0	0	0
Arthur	Wheeler	0	Haida (Na-Dené)	0	0	0
Lola	Valdez	0	Haitian Creole (French-based creole)	0	0	0
Rhys	Harper	0	Hakka (Sinitic)	0	0	0
Alina	Burke	0	Hän (Athabaskan)	0	0	0
Sage	Larson	0	Harari (Semitic)	0	0	0
Finley	Santiago	0	Harauti (Indo-Aryan)	0	0	0
Blake	Maldonado	0	Harsusi (Semitic)	0	0	0
Noa	Morrison	0	Haryanavi (Indo-Aryan) (a dialect of Hindi)	0	0	0
Kian	Franklin	0	Harzani (Iranian)	0	0	0
Kieran	Carlson	0	Hausa (Afro-Asiatic)	0	0	0
Molly	Austin	0	Havasupai or Upland Yuman (Hokan)	0	0	0
Sloane	Dominguez	0	Hawaiian (Malayo-Polynesian)	0	0	0
Ophelia	Carr	0	Hawaii Pidgin Sign Language (Signing)	0	0	0
Naya	Lawson	0	Hazaragi (Iranian) (a dialect of Persian)	0	0	0
Kaia	Jacobs	0	Hebrew (Semitic)	0	0	0
Rory	O’Brien	0	Herero (Bantu)	0	0	0
Mae	Lynch	0	Hértevin (Semitic)	0	0	0
Elliot	Singh	0	Hiligaynon (Malayo-Polynesian)	0	0	0
Myra	Vega	0	Hindi (Indo-Aryan)	0	0	0
Mira	Bishop	0	Hinukh (Northeast Caucasian)	0	0	0
Amari	Montgomery	0	Hiri Motu (Motu-based Pidgin)	0	0	0
Esther	Oliver	0	Hixkaryana (Carib)	0	0	0
Freya	Jensen	0	Hmong (Hmong–Mien)	0	0	0
Amira	Harvey	0	Ho (Austroasiatic)	0	0	0
Lyla	Williamson	0	Hobyót (Semitic)	0	0	0
Kiara	Gilbert	0	Hopi (Uto-Aztecan)	0	0	0
Kira	Dean	0	Hulaulá (Semitic)	0	0	0
Raya	Sims	0	Hungarian (Uralic)	0	0	0
Ariella	Espinoza	0	Hunsrik (Brazil)	0	0	0
Thea	Howell	0	Hutterite German (Germanic)	0	0	0
Brian	Li	0	Ibibio (Benue–Congo)	0	0	0
Sawyer	Wong	0	Iban (Malayo-Polynesian)	0	0	0
Rhea	Reid	0	Ibanag (Malayo-Polynesian)	0	0	0
Margot	Hanson	0	Icelandic (Germanic)	0	0	0
Emmett	Le	0	Ido (constructed language)	0	0	0
Lyra	Mccoy	0	Ifè (Volta–Congo)	0	0	0
Kyle	Garrett	0	Igbo or Ibo or Biafra (Volta–Niger)	0	0	0
Talia	Burton	0	Ikalanga or Kalanga (Bantu)	0	0	0
Ivan	Fuller	0	Ili Turki (Turkic)	0	0	0
Atticus	Wang	0	Ilokano or Ilocano (Malayo-Polynesian)	0	0	0
Ira	Weber	0	Inari Sami (Uralic)	0	0	0
Elise	Welch	0	Indonesian (Malayo-Polynesian)	0	0	0
Elsie	Rojas	0	Ingrian or Izhorian (Uralic)	0	0	0
Evan	Lucas	0	Ingush (Northeast Caucasian)	0	0	0
Elora	Marquez	0	Interlingua (constructed language)	0	0	0
Anaya	Fields	0	Inuktitut (Eskimo–Aleut)	0	0	0
Akira	Park	0	Inupiaq (Eskimo–Aleut)	0	0	0
Zara	Yang	0	Inuvialuktun (Eskimo–Aleut)	0	0	0
Sharon	Little	0	Iraqw (Cushitic)	0	0	0
Ellis	Banks	0	Irish or Irish Gaelic (Celtic)	0	0	0
Jesse	Padilla	0	Irish Sign Language (Signing)	0	0	0
Rachel	Day	0	Irula (Dravidian)	0	0	0
Malachi	Walsh	0	Isan or Northeastern Thai (Tai–Kadai)	0	0	0
Evie	Bowman	0	Ishkashimi or Ishkashmi (Iranian)	0	0	0
Flynn	Schultz	0	Istro-Romanian (Romance)	0	0	0
Lilith	Luna	0	Italian (Romance)	0	0	0
Sasha	Fowler	0	Itelmen or Kamchadal (Chukotko-Kamchatkan)	0	0	0
Nico	Mejia	0	Jacaltec or Jakalteko (Mayan)	0	0	0
Declan	Davidson	0	Jalaa (unclassified, possibly Niger–Congo)	0	0	0
Lennox	Acosta	0	Japanese (Japonic)	0	0	0
Lila	Brewer	0	Jaqaru (Aymaran)	0	0	0
Alora	May	0	Jarai (Malayo-Polynesian)	0	0	0
Ronan	Holland	0	Javanese (Malayo-Polynesian)	0	0	0
Deborah	Juarez	0	Jibbali or Shehri (Semitic)	0	0	0
Lachlan	Newman	0	Jewish Babylonian Aramaic (Aramaic)	0	0	0
Lucia	Pearson	0	Jicarilla Apache (Athabaskan)	0	0	0
Peter	Curtis	0	Juang (Austroasiatic)	0	0	0
Vivian	Cortéz	0	Jurchen (Tungusic)	0	0	0
Alana	Douglas	0	Kabardian (Northwest Caucasian)	0	0	0
Rohan	Schneider	0	Kabyle (Berber)	0	0	0
Brielle	Joseph	0	Kachin or Jingpo (Tibeto-Burman)	0	0	0
Rose	Barrett	0	Kalaallisut or Greenlandic (Eskimo–Aleut)	0	0	0
Simon	Navarro	0	Kalami or Gawri or Dirwali (Indo-Aryan)	0	0	0
Arya	Figueroa	0	Kalasha (Indo-Aryan)	0	0	0
Millie	Keller	0	Kalmyk or Oirat (Mongolic)	0	0	0
Dante	Ávila	0	Kalto or Nahali (Indo-Aryan)	0	0	0
Harlow	Wade	0	Kankanai or Kankanaey (Malayo-Polynesian)	0	0	0
Vanessa	Molina	0	Kannada (Dravidian)	0	0	0
Orion	Stanley	0	Kaonde or Chikaonde (Bantu)	0	0	0
Bailey	Hopkins	0	Kapampangan (Malayo-Polynesian)	0	0	0
Alma	Campos	0	Karachay-Balkar (Turkic)	0	0	0
Genevieve	Barnett	0	Karagas (Turkic)	0	0	0
Fatima	Bates	0	Karaim (Turkic)	0	0	0
Leon	Chambers	0	Karakalpak (Turkic)	0	0	0
Clara	Caldwell	0	Karelian (Uralic)	0	0	0
Mika	Beck	0	Kashmiri (Indo-Aryan)	0	0	0
Austin	Lambert	0	Kashubian (Slavic)	0	0	0
Phoenix	Miranda	0	Kazakh (Turkic)	0	0	0
Tara	Byrd	0	Kerek (Paleosiberian)	0	0	0
Elodie	Craig	0	Ket (Chukotko-Kamchatkan)	0	0	0
Marcus	Ayala	0	Khakas (Turkic)	0	0	0
Rae	Lowe	0	Khalaj (Turkic)	0	0	0
Taylor	Frazier	0	Kham or Sheshi (Tibeto-Burman)	0	0	0
Asa	Powers	0	Khandeshi (Indo-Aryan)	0	0	0
Siobhan	Neal	0	Khanty or Ostyak (Uralic)	0	0	0
Lucian	Leonard	0	Khasi (Austroasiatic)	0	0	0
Remy	Gregory	0	Khitan (Mongolic)	0	0	0
Callum	Carrillo	0	Khmer (Austroasiatic)	0	0	0
Rebecca	Sutton	0	Khmu (Austroasiatic)	0	0	0
Vera	Fleming	0	Khowar (Indo-Aryan)	0	0	0
Alyssa	Rhodes	0	Kildin Sami (Finnic)	0	0	0
Kaiden	Shelton	0	Kimatuumbi (Bantu)	0	0	0
Felix	Schwartz	0	Kinaray-a or Hiraya (Malayo-Polynesian)	0	0	0
Celeste	Norris	0	Kinyarwanda (Bantu)	0	0	0
Madeline	Jennings	0	Kirombo (Bantu)	0	0	0
Eva	Watts	0	Kirundi (Bantu)	0	0	0
Poppy	Duran	0	Kivunjo (Bantu)	0	0	0
Avi	Walters	0	Klallam or Clallam (Salishan)	0	0	0
Archer	Cohen	0	Kodava Takk or Kodagu or Coorgi (Dravidian)	0	0	0
Jace	Mcdaniel	0	Kohistani or Khili (Indo-Aryan)	0	0	0
August	Moran	0	Kolami (Dravidian)	0	0	0
Isha	Parks	0	Komi or Komi-Zyrian (Uralic)	0	0	0
Elliott	Steele	0	Konkani (Indo-Aryan)	0	0	0
Cecilia	Vaughn	0	Kongo or Kikongo (Bantu)	0	0	0
Lisa	Becker	0	Koraga (Dravidian)	0	0	0
Lena	Holt	0	Korandje (Nilo-Saharan)	0	0	0
Kayla	Deleon	0	Korean (isolated)	0	0	0
Avyaan	Barker	0	Korku (Austroasiatic)	0	0	0
Skyler	Terry	0	Korowai (Trans–New Guinea)	0	0	0
Skye	Hale	0	Korwa (Austroasiatic)	0	0	0
Daisy	Leon	0	Koryak (Chukotko-Kamchatkan)	0	0	0
Jamie	Hail	0	Kosraean (Malayo-Polynesian)	0	0	0
Samantha	Benson	0	Kota (Dravidian)	0	0	0
Reese	Haynes	0	Koyra Chiini or Western Songhay (Nilo-Saharan)	0	0	0
Mary	Horton	0	Koy Sanjaq Surat (Semitic)	0	0	0
Azariah	Miles	0	Koya (Dravidian)	0	0	0
Tristan	Lyons	0	Krymchak or Judeo-Crimean Tatar (Turkic)	0	0	0
Sean	Pham	0	Kujarge (unclassified, perhaps Chadic)	0	0	0
Julia	Graves	0	Kui (Dravidian)	0	0	0
Claudia	Bush	0	Kumauni (Indo-Aryan)	0	0	0
Ares	Thornton	0	Kumyk (Turkic)	0	0	0
Nyla	Wolfe	0	Kumzari (Iranian)	0	0	0
Lana	Warner	0	ǃKung (Khoisan)	0	0	0
Maisie	Cabrera	0	Kurdish (Iranian)	0	0	0
Cyrus	Mckinney	0	Kurukh or Kurux (Dravidian)	0	0	0
Mara	Mann	0	Kusunda (isolate)	0	0	0
Isabelle	Zimmerman	0	Kutenai or Kootenay or Ktunaxa (isolated)	0	0	0
Jasper	Dawson	0	Kwanyama or Ovambo (Bantu)	0	0	0
Lara	Lara	0	Kxoe (Khoisan)	0	0	0
Aditya	Fletcher	0	Kyrgyz or Kirghiz (Turkic)	0	0	0
Hallie	Page	0	Laal (unclassified)	0	0	0
Teagan	Mccarthy	0	Ladakhi (Tibeto-Burman)	0	0	0
Cynthia	Love	0	Ladin (Romance)	0	0	0
Mina	Robles	0	Ladino or Judeo-Spanish (Romance)	0	0	0
Damien	Cervantes	0	Laki (Iranian)	0	0	0
Oscar	Solis	0	Lakota or Lakhota or Teton (Siouan)	0	0	0
Zainab	Erickson	0	Lambadi or Lamani or Banjari (Indo-Aryan)	0	0	0
Laura	Reeves	0	Lao or Laotian (Tai–Kadai)	0	0	0
Valerie	Chang	0	Larestani (Iranian)	0	0	0
Amber	Klein	0	Latin (Latino-Faliscan) (liturgical language)	0	0	0
Hadassah	Salinas	0	Latvian (Baltic)	0	0	0
Morgan	Fuentes	0	Laz or Lazuri (South Caucasian)	0	0	0
Kevin	Baldwin	0	Leonese (Romance)	0	0	0
Andrea	Daniel	0	Lepcha (Indo-Aryan)	0	0	0
Yara	Simon	0	Lezgi or Agul (Northeast Caucasian)	0	0	0
Peyton	Velasquez	0	Ligbi or Ligby (Mande)	0	0	0
Lauren	Hardy	0	Limbu (Indo-Aryan)	0	0	0
Amir	Higgins	0	Limburgish (Germanic)	0	0	0
Ishaan	Aguirre	0	Lingala (Bantu)	0	0	0
Brandon	Lin	0	Lipan Apache (Athabascan)	0	0	0
Jason	Cummings	0	Lisan al-Dawat (Indo-Aryan)	0	0	0
Soren	Chandler	0	Lishana Deni (Semitic)	0	0	0
Aisha	Sharp	0	Lishanid Noshan or Lishana Didan (Semitic)	0	0	0
Lilah	Barber	0	Lithuanian (Baltic)	0	0	0
Seth	Bowen	0	Livonian language or Liv (Uralic)	0	0	0
Gideon	Ochoa	0	Lombard (Romance)	0	0	0
Arden	Dennis	0	Lotha (Tibeto-Burman)	0	0	0
Joel	Robbins	0	Low German or Low Saxon (Germanic)	0	0	0
Callan	Liu	0	Lower Sorbian (Slavic)	0	0	0
Ayesha	Ramsey	0	Lozi or Silozi (Bantu)	0	0	0
Ariel	Francis	0	Ludic or Ludian (Uralic)	0	0	0
June	Griffith	0	Lunda or Chilunda (Bantu)	0	0	0
Nia	Paul	0	Luo (Nilotic)	0	0	0
Ada	Blair	0	Luri (Iranian)	0	0	0
Adriel	O’Connor	0	Lushootseed (Salishan)	0	0	0
George	Cardenas	0	Lusoga or Soga (Bantu)	0	0	0
Killian	Pacheco	0	Luvale (Bantu)	0	0	0
Jonah	Cross	0	Luwati (Indo-Iranian)	0	0	0
Max	Calderon	0	Luxembourgish (Germanic)	0	0	0
Gavin	Quinn	0	Lycian (Indo-European)	0	0	0
Azriel	Moss	0	Lydian (Indo-European)	0	0	0
Hunter	Swanson	0	Macedonian (Slavic)	0	0	0
Jedidiah	Chan	0	Magadhi (Indo-Aryan)	0	0	0
Tyler	Rivas	0	Maguindanao (Malayo-Polynesian)	0	0	0
Kyra	Khan	0	Maithili (Indo-Aryan)	0	0	0
Serena	Rodgers	0	Makasar (Malayo-Polynesian)	0	0	0
Priscilla	Serrano	0	Makhuwa or Makua (Bantu)	0	0	0
Natasha	Fitzgerald	0	Makhuwa-Meetto (Bantu)	0	0	0
Alaina	Rosales	0	Malagasy (Malayo-Polynesian)	0	0	0
Selah	Stevenson	0	Malay (Malayo-Polynesian)	0	0	0
Piper	Christensen	0	Malayalam (Dravidian)	0	0	0
Ryker	Manning	0	Malaysian Sign Language (Signing)	0	0	0
Brianna	Gill	0	Maltese (Semitic)	0	0	0
Damian	Curry	0	Malto or Sauria Paharia (Dravidian)	0	0	0
Linda	Mclaughlin	0	Malvi or Malavi or Ujjaini (Indo-Aryan)	0	0	0
Vincent	Harmon	0	Mam (Mayan)	0	0	0
Saige	Mcgee	0	Manchu (Tungusic)	0	0	0
Ali	Gross	0	Mandaic (Semitic)	0	0	0
Ashley	Doyle	0	Mandarin (Sinitic)	0	0	0
Esme	Garner	0	Mandinka (Mande)	0	0	0
Elle	Newton	0	Mansi or Vogul (Uralic)	0	0	0
Nadia	Burgess	0	Manx (Celtic)	0	0	0
Rayne	Reese	0	Manyika (Bantu)	0	0	0
Eliza	Walton	0	Maori (Malayo-Polynesian)	0	0	0
Michelle	Blake	0	Mapudungun or Mapuche (isolated)	0	0	0
Lia	Trujillo	0	Maranao (Malayo-Polynesian)	0	0	0
Judah	Adkins	0	Marathi (Indo-Aryan)	0	0	0
Shelby	Brady	0	Mari or Cheremis (Uralic)	0	0	0
Jennifer	Goodman	0	Maria (Dravidian)	0	0	0
Josie	Roman	0	Marquesan (Malayo-Polynesian)	0	0	0
Sandra	Webster	0	Marshallese or Ebon (Malayo-Polynesian)	0	0	0
Israel	Goodwin	0	Martha's Vineyard Sign Language (Signing)	0	0	0
Marie	Fischer	0	Masaba (Bantu)	0	0	0
Beckett	Huang	0	Masbatenyo or Minasbate (Malayo-Polynesian	0	0	0
Kiaan	Potter	0	Meitei or Manipuri or Meithei (Tibeto-Burman)	0	0	0
Mabel	Delacruz	0	Mauritian Creole or Morisyen (French-based creole)	0	0	0
Elian	Montoya	0	Maya (Mayan)	0	0	0
Cleo	Todd	0	Mazandarani or Tabari(Iranian)	0	0	0
Darcy	Wu	0	Meänkieli or Tornedalen Finnish (Uralic)	0	0	0
Keira	Hines	0	Megleno-Romanian (Romance)	0	0	0
Chelsea	Mullins	0	Megrelian or Mingrelian (South Caucasian)	0	0	0
Otto	Castaneda	0	Mehri or Mahri (Semitic)	0	0	0
Alexis	Malone	0	Menominee (Algonquian)	0	0	0
Calvin	Cannon	0	Mentawai (Malayo-Polynesian)	0	0	0
Raiden	Tate	0	Meroitic (unclassified, maybe Nilo-Saharan or isolated)	0	0	0
Connor	Mack	0	Mescalero Apache (Athabaskan)	0	0	0
Xander	Sherman	0	Meru or Kimeru (Bantu)	0	0	0
Camille	Hubbard	0	Michif (mixed, French and Cree based)	0	0	0
Gemma	Hodges	0	Mikasuki or Miccosukee (Muskogean)	0	0	0
Faye	Zhang	0	Mi'kmaq or Micmac (Algonquian)	0	0	0
Leila	Guerra	0	Minangkabau (Malayo-Polynesian)	0	0	0
Paul	Wolf	0	Mirandese (Romance)	0	0	0
Agastya	Valencia	0	Mobilian Jargon (pidgin, Choctaw and French based)	0	0	0
Anastasia	Saunders	0	Moghol (Mongolic)	0	0	0
Blair	Franco	0	Mohawk (Iroquoian)	0	0	0
Bryan	Rowe	0	Moksha (Uralic)	0	0	0
Jacqueline	Gallagher	0	Molengue (Bantu)	0	0	0
Callie	Farmer	0	Mon (Austroasiatic)	0	0	0
Koa	Hammond	0	Mongolian (Mongolic)	0	0	0
Nala	Hampton	0	Mono (Ubangian)	0	0	0
Fiona	Townsend	0	Mono (Uto-Aztecan)	0	0	0
Rocco	Ingram	0	Mono (Malayo-Polynesian)	0	0	0
Alaia	Wise	0	Montagnais (Algonquian)	0	0	0
Justin	Gallegos	0	Montenegrin (Slavic)	0	0	0
Hayden	Clarke	0	Motu (Malayo-Polynesian)	0	0	0
Giovanni	Barton	0	Muher (Semitic)	0	0	0
Delaney	Schroeder	0	Mundari (Austroasiatic)	0	0	0
Tallulah	Maxwell	0	Munji (Iranian)	0	0	0
Matilda	Waters	0	Muria (Dravidian)	0	0	0
Rylee	Logan	0	Template:Mwaghavul Template:Myene	0	0	0
Adira	Camacho	0	Nafaanra (Senufo)	0	0	0
Zia	Strickland	0	Nagarchal (Dravidian)	0	0	0
Lennon	Norman	0	Nahuatl (Uto-Aztecan)	0	0	0
Ace	Person	0	Nama (Khoisan)	0	0	0
Otis	Colón	0	Nanai (Tungusic)	0	0	0
Mackenzie	Parsons	0	Nauruan (Malayo-Polynesian)	0	0	0
Florence	Frank	0	Navajo or Navaho (Na-Dené)	0	0	0
Norah	Harrington	0	Ndau or Southeast Shona (Bantu)	0	0	0
Catherine	Glover	0	Ndebele (Bantu)	0	0	0
Nathaniel	Osborne	0	Ndonga (Bantu)	0	0	0
Sylvia	Buchanan	0	Neapolitan (Romance)	0	0	0
Monica	Casey	0	Negidal (Tungusic)	0	0	0
Elaine	Floyd	0	Nepal Bhasa or Newari (Tibeto-Burman)	0	0	0
Khadijah	Patton	0	Nepali (Indo-Aryan)	0	0	0
Marley	Ibarra	0	New Zealand Sign Language (Signing)	0	0	0
Zuri	Ball	0	Nihali or Nahali (isolated)	0	0	0
Salem	Tyler	0	Nganasan or Tavgi (Samoyedic)	0	0	0
Martin	Suarez	0	Ngumba (Bantu)	0	0	0
Aman	Bowers	0	Nheengatu or Geral or Modern Tupí (Tupian)	0	0	0
Francis	Orozco	0	Nias	0	0	0
Gwendolyn	Salas	0	Nicaraguan Sign Language (Signing)	0	0	0
Jake	Cobb	0	Niellim (Adamawa)	0	0	0
Patrick	Gibbs	0	Nigerian Pidgin (pidgin, English-based)	0	0	0
Nancy	Andrade	0	Nisenan (Penutian) (Maiduan)	0	0	0
Miriam	Bauer	0	Niuean or Niue (Malayo-Polynesian)	0	0	0
Leia	Conner	0	Nivkh or Gilyak (isolated)	0	0	0
Robin	Moody	0	Nogai (Turkic)	0	0	0
Aspen	Escobar	0	Norfuk or Norfolk	0	0	0
Caspian	Mcguire	0	Norman or Norman-French (Romance)	0	0	0
Louise	Lloyd	0	Northern Sami (Uralic)	0	0	0
Cole	Mueller	0	Northern Sotho or Sepedi (Bantu)	0	0	0
Ren	Hartman	0	Northern Straits Salish) (Salishan)	0	0	0
Sonny	French	0	Northern Yukaghir (Yukaghir)	0	0	0
Melanie	Kramer	0	Norwegian (Bokmål, Nynorsk, Riksmål) (Germanic)	0	0	0
Zaid	Mcbride	0	Nuer (Nilotic)	0	0	0
Danielle	Pope	0	Nuxálk or Bella Coola (Salishan)	0	0	0
Yuki	Lindsey	0	Nyabwa (Kru)	0	0	0
Rayna	Velazquez	0	Nyah Kur (Austroasiatic)	0	0	0
Gia	Norton	0	Nyangumarta (Pama–Nyungan)	0	0	0
Margaret	Mccormick	0	Nyoro (Bantu)	0	0	0
Nick	Sparks	0	Nǀu (Khoisan)	0	0	0
Abel	Flynn	0	Occitan or Provençal (Romance)	0	0	0
Myles	Yates	0	Ojibwe or Ojibwa or Chippewa (Algonquian)	0	0	0
Arianna	Hogan	0	Okinawan (Japonic)	0	0	0
Nina	Marsh	0	Olonets Karelian or Liv or Livvi (Uralic)	0	0	0
Cillian	Macias	0	Omagua (Tupian)	0	0	0
Amyra	Villanueva	0	Ongota (Afro-Asiatic)	0	0	0
Dean	Zamora	0	Odia (Indo-Aryan)	0	0	0
Luka	Pratt	0	Ormuri (Iranian)	0	0	0
Rian	Stokes	0	Oroch (Tungusic)	0	0	0
Callen	Owen	0	Orok (Tungusic)	0	0	0
Lilian	Ballard	0	Oromo or Afaan Oromoo (Cushitic)	0	0	0
Kaden	Lang	0	Ossetic or Ossetian (Iranian)	0	0	0
Allison	Brock	0	Old East Slavic or Old Russian (Indo-European)	0	0	0
Nola	Villarreal	0	Old Prussian (Balto-Slavic)	0	0	0
Dominic	Charles	0	Páez or Nasa Yuwe (isolated)	0	0	0
Kash	Drake	0	Palauan (Malayo-Polynesian)	0	0	0
Tessa	Barrera	0	Pangasinan (Malayo-Polynesian)	0	0	0
India	Cain	0	Papiamento or Papiamentu (Portuguese-based creole)	0	0	0
Liana	Patrick	0	Parachi (Iranian)	0	0	0
Sierra	Piñeda	0	Parya (Indo-Aryan)	0	0	0
Eden	Burnett	0	Pashto or Pushto or Pashtu (Iranian)	0	0	0
Angela	Mercado	0	Pennsylvania Dutch or Pennsylvania German (Germanic)	0	0	0
Aster	Santana	0	Persian or farsi (Iranian)	0	0	0
Brooke	Shepherd	0	Phalura (Indo-Aryan)	0	0	0
Graham	Bautista	0	Phuthi (Bantu)	0	0	0
Pamela	Ali	0	Pig Latin	0	0	0
Rosie	Shaffer	0	Picard (Romance)	0	0	0
Elio	Lamb	0	Pirahã (Mura)	0	0	0
Daphne	Trevino	0	Plautdietsch or Mennonite Low German (Germanic)	0	0	0
Timothy	Mckenzie	0	Polish (Slavic)	0	0	0
Rafael	Hess	0	Portuguese (Romance)	0	0	0
Oakley	Beil	0	Pothohari or Pahari-Potwari (Indo-Aryan)	0	0	0
Sara	Olsen	0	Pradhan or Pardhan (Dravidian)	0	0	0
Irene	Cochran	0	Puelche (isolated)	0	0	0
Zane	Morton	0	Puma (Tibeto-Burman)	0	0	0
Aleyna	Nash	0	Punjabi or Panjabi or Gurmukhi (Indo-Aryan)	0	0	0
Devin	Wilkins	0	Qashqai or Ghashghai (Turkic)	0	0	0
Archie	Petersen	0	Quebec Sign Language (Signing)	0	0	0
Giselle	Briggs	0	Quechua (Peru)	0	0	0
Reuben	Shah	0	Rajasthani (Indo-Aryan)	0	0	0
Teddy	Roth	0	Ratagnon or Datagnon or Latagnun (Malayo-Polynesian)	0	0	0
May	Nicholson	0	Réunion Creole or Bourbonnais (French-based creole)	0	0	0
Jeffrey	Holloway	0	Romanian (Romance)	0	0	0
Artemis	Lozano	0	Romansh or Rhaeto-Romance (Romance)	0	0	0
Atharv	Rangel	0	Romany (Indo-Iranian)	0	0	0
Isabel	Flowers	0	Romblomanon (Malayo-Polynesian)	0	0	0
Blessing	Hoover	0	Rotokas (East Papuan)	0	0	0
Astrid	Short	0	Runyankole language or Nyankore (Bantu)	0	0	0
Patricia	Arias	0	Russian (Slavic)	0	0	0
Saoirse	Mora	0	Russian Sign Language (Signing)	0	0	0
Hadley	Valenzuela	0	Ruthenian or Rusyn or Carpathian (Slavic)	0	0	0
Michaela	Bryan	0	Sadri (Indo-Aryan)	0	0	0
Kit	Meyers	0	Salar (Turkic)	0	0	0
Eric	Weiss	0	Samoan (Malayo-Polynesian)	0	0	0
Louis	Underwood	0	Sandawe (Khoisan)	0	0	0
Jasmine	Bass	0	Sango (Ngbandi-based creole)	0	0	0
Amaris	Greer	0	Sanskrit (Indo-Aryan) (liturgical language)	0	0	0
Seraphina	Summers	0	Santali (Austroasiatic)	0	0	0
Pia	Houston	0	Sara (Malayo-Polynesian)	0	0	0
Inayah	Carson	0	Saraiki or Seraiki or Siraiki (Indo-Aryan)	0	0	0
Lea	Morrow	0	Saramaccan (English-based creole)	0	0	0
Emelia	Clayton	0	Sardinian (Romance)	0	0	0
Emory	Whitaker	0	Sarikoli (Iranian)	0	0	0
Muhammad	Decker	0	Standard Arabic	0	0	0
Mayra	Yoder	0	Saurashtra or Sourashtra (Indo-Aryan)	0	0	0
Soleil	Collier	0	Savara (Dravidian)	0	0	0
Rio	Zuniga	0	Savi (Indo-Aryan)	0	0	0
Amani	Carey	0	Sawai (Malayo-Polynesian)	0	0	0
Ashton	Wilcox	0	Scots or Ulster Scots (Germanic)	0	0	0
Jericho	Melendez	0	Scots Gaelic or Scottish Gaelic (Celtic)	0	0	0
Nikita	Poole	0	Selangor Sign Language (Signing)	0	0	0
Mya	Roberson	0	Selkup or Ostyak Samoyed (Samoyedic)	0	0	0
Cassian	Larsen	0	Semnani (Iranian)	0	0	0
Willa	Conley	0	Senaya (Semitic)	0	0	0
Rome	Davenport	0	Serbian (Slavic)	0	0	0
Melissa	Copeland	0	Serbo-Croatian (Slavic)	0	0	0
Aleena	Massey	0	Sesotho (Bantu)	0	0	0
Brayden	Lam	0	Seto or Setu (Uralic)	0	0	0
Richard	Huff	0	Seychellois Creole (French-based creole)	0	0	0
Wendy	Rocha	0	Shimaore (Bantu)	0	0	0
Lexi	Cameron	0	Shina (Indo-Aryan)	0	0	0
Kylie	Jefferson	0	Shona (Bantu)	0	0	0
Selena	Hood	0	Shor (Turkic)	0	0	0
Sunny	Monroe	0	Shoshoni (Uto-Aztecan)	0	0	0
Matteo	Anthony	0	Shughni (Iranian)	0	0	0
Sutton	Pittman	0	Shumashti (Indo-Aryan)	0	0	0
Queen	Huynh	0	Shuswap (Salishan)	0	0	0
Jessica	Randall	0	Sicilian (Romance)	0	0	0
Azalea	Singleton	0	Sidamo (Cushitic)	0	0	0
Leighton	Kirk	0	Sika (Malayo-Polynesian)	0	0	0
Harley	Combs	0	Silesian (Slavic)	0	0	0
Imogen	Mathis	0	Silt'e or Selti or East Gurage (Semitic)	0	0	0
Scott	Christian	0	Sindhi (Indo-Aryan)	0	0	0
Kaira	Skinner	0	Sinhalese (Indo-Aryan)	0	0	0
Jaylen	Bradford	0	Sioux (Siouan)	0	0	0
Briar	Richard	0	Sivandi (Iranian)	0	0	0
Winnie	Galvan	0	Skolt Sami (Uralic)	0	0	0
Reagan	Wall	0	Slavey (Athabaskan)	0	0	0
Aliyah	Boone	0	Slovak (Slavic)	0	0	0
Ayden	Kirby	0	Slovene or Slovenian (Slavic)	0	0	0
Bianca	Wilkinson	0	Soddo or Kistane (Semitic)	0	0	0
Zachary	Bridges	0	Somali (Cushitic)	0	0	0
Nila	Bruce	0	Sonjo or Temi (Bantu)	0	0	0
Romy	Atkinson	0	Sonsorolese or Sonsorol (Malayo-Polynesian)	0	0	0
Bodie	Velez	0	Soqotri (Semitic)	0	0	0
Bodhi	Meza	0	Sora (Austroasiatic)	0	0	0
Myla	Roy	0	Sorbian, Lower (Slavic)	0	0	0
Azrael	Vincent	0	Sorbian, Upper (Slavic)	0	0	0
Samara	York	0	Sourashtra (Indo-Aryan)	0	0	0
Cassius	Hodge	0	Southern Sami (Uralic)	0	0	0
Uriel	Villa	0	South Estonian (Uralic)	0	0	0
Maxwell	Abbott	0	Southern Yukaghir or Tundra Yukaghir (Yukaghir)	0	0	0
Bryce	Allison	0	Spanish (Romance)	0	0	0
Gabriela	Tapia	0	Sranan Tongo (English-based creole)	0	0	0
Mallory	Gates	0	St'at'imcets or Lillooet (Salishan)	0	0	0
Helen	Chase	0	Sucite or Sìcìté Sénoufo (Senufo)	0	0	0
Camilla	Sosa	0	Suba (Bantu)	0	0	0
Alicia	Sweeney	0	Sundanese (Malayo-Polynesian)	0	0	0
Caden	Farrell	0	Supyire or Supyire Senoufo (Senufo)	0	0	0
Kyrie	Wyatt	0	Surigaonon (Malayo-Polynesian)	0	0	0
Annie	Dalton	0	Susu (Mande)	0	0	0
Paige	Horn	0	Svan (South Caucasian)	0	0	0
Niko	Barron	0	Swahili (Bantu)	0	0	0
Priya	Phelps	0	Swati or Swazi or Siswati or Seswati (Bantu)	0	0	0
Lainey	Yu	0	Swedish (Germanic)	0	0	0
Veda	Dickerson	0	Syriac (Semitic)	0	0	0
Tamara	Heath	0	Tabasaran or Tabassaran (Northeast Caucasian)	0	0	0
Rylan	Foley	0	Tachelhit (Berber)	0	0	0
Heather	Atkins	0	Tagalog (Malayo-Polynesian)	0	0	0
Rosalie	Mathews	0	Tahitian (Malayo-Polynesian)	0	0	0
Kali	Bonilla	0	Taiwanese Sign Language (Signing)	0	0	0
Harrison	Acevedo	0	Tajik (Iranian)	0	0	0
Imani	Benitez	0	Takestani (Iranian)	0	0	0
Ruben	Zavala	0	Talysh (Iranian)	0	0	0
Jaden	Hensley	0	Tamil (Dravidian)	0	0	0
Joanna	Glenn	0	Tanacross (Athabaskan)	0	0	0
Steven	Cisneros	0	Tangut (Tibeto-Burman)	0	0	0
Isa	Harrell	0	Tarifit or Rifi or Riff Berber (Berber)	0	0	0
Elia	Shields	0	Tat or Tati (Iranian)	0	0	0
Zain	Rubio	0	Tatar (Turkic)	0	0	0
Rain	Huffman	0	Tausug (Malayo-Polynesian)	0	0	0
Georgia	Choi	0	Tehuelche (Chon)	0	0	0
Celine	Boyer	0	Telugu (Dravidian)	0	0	0
Erin	Garrison	0	Tetum (Malayo-Polynesian)	0	0	0
Jeremy	Arroyo	0	Tepehua language (Totonacan)	0	0	0
Ann	Bond	0	Tepehuán language (Uto-Aztecan)	0	0	0
Spencer	Kane	0	Thai (Tai–Kadai)	0	0	0
Bruce	Hancock	0	Tharu (Indo-Aryan)	0	0	0
Nellie	Callahan	0	Tibetan (Tibeto-Burman)	0	0	0
Safiya	Dillon	0	Tigre or Xasa (Semitic)	0	0	0
Brody	Cline	0	Tigrinya (Semitic)	0	0	0
Ana	Wiggins	0	Timbisha or Panamint (Uto-Aztecan)	0	0	0
Annika	Grimes	0	Tiv (Benue–Congo)	0	0	0
Camden	Arellano	0	Tlingit (Na-Dené)	0	0	0
Haven	Melton	0	Tobian (Malayo-Polynesian)	0	0	0
Sana	O’Neill	0	Toda (Dravidian)	0	0	0
Juliet	Savage	0	Tok Pisin (English-based creole)	0	0	0
Casey	Ho	0	Tokelauan (Malayo-Polynesian)	0	0	0
Sydney	Beltran	0	Tonga (Bantu)	0	0	0
Noelle	Pitts	0	Tongan (Malayo-Polynesian)	0	0	0
Mariam	Parrish	0	Torwali or Turvali (Indo-Aryan)	0	0	0
Annabelle	Ponce	0	Tregami (Indo-Aryan)	0	0	0
Phoebe	Rich	0	Tsat (Malayo-Polynesian)	0	0	0
Carson	Booth	0	Tsez or Dido (Northeast Caucasian)	0	0	0
Lorelei	Koch	0	Tshiluba or Luba-Kasai or Luba-Lulua (Bantu)	0	0	0
Travis	Golden	0	Tsonga (Bantu)	0	0	0
Melody	Ware	0	Tswana or Setswana (Bantu)	0	0	0
Maia	Brennan	0	Tu or Monguor (Mongolic)	0	0	0
Colette	Mcdowell	0	Tuareg languages or Tamasheq (Berber)	0	0	0
Idris	Marks	0	Tulu (Dravidian)	0	0	0
Ember	Cantu	0	Tumbuka (Bantu)	0	0	0
Makayla	Humphrey	0	Tupiniquim (Tupian)	0	0	0
Dennis	Baxter	0	Turkish (Turkic)	0	0	0
Sterling	Sawyer	0	Turkmen (Turkic)	0	0	0
Sky	Clay	0	Turoyo (Semitic)	0	0	0
Helena	Tanner	0	Tuvaluan (Malayo-Polynesian)	0	0	0
Ximena	Hutchinson	0	Tuvan Tuvin or Tyvan (Turkic)	0	0	0
Knox	Kaur	0	Udihe or Ude or Udege (Tungusic)	0	0	0
Shane	Berg	0	Udmurt or Votyak (Uralic)	0	0	0
Penny	Wiley	0	Ukrainian (Slavic)	0	0	0
Reece	Gilmore	0	Ukwuani-Aboh-Ndoni (Niger-Congo)	0	0	0
Eileen	Russo	0	Ulch or Olcha (Tungusic)	0	0	0
Lottie	Villegas	0	Unserdeutsch or Rabaul Creole German	0	0	0
Amal	Hobbs	0	Upper Sorbian (Slavic)	0	0	0
Susan	Keith	0	Urdu (Indo-aryan)	0	0	0
Joyce	Wilkerson	0	Uripiv (Malayo-Polynesian)	0	0	0
Ayan	Ahmed	0	Urum (Turkic)	0	0	0
Reign	Beard	0	Ute (Uto-Aztecan)	0	0	0
Zephyr	Mcclain	0	Uyghur or Uigur (Turkic)	0	0	0
Sylas	Montes	0	Uzbek (Turkic)	0	0	0
Elliana	Mata	0	Vafsi (Iranian)	0	0	0
Enoch	Rosario	0	Valencian (Romance)	0	0	0
Jayce	Vang	0	Valencian Sign Language (Signing)	0	0	0
Juno	Walter	0	Vasi-vari or Prasuni (Indo-Aryan)	0	0	0
Maddox	Henson	0	Venda or Tshivenda (Bantu)	0	0	0
Hafsa	O’Neal	0	Venetian (Romance)	0	0	0
Amos	Mosley	0	Veps (Uralic)	0	0	0
Anita	Mcclure	0	Vietnamese (Austroasiatic)	0	0	0
Emilio	Beasley	0	Võro (Uralic)	0	0	0
Dior	Stephenson	0	Votic or Votian (Uralic)	0	0	0
Yvonne	Snow	0	Waddar (Dravidian)	0	0	0
Amina	Huerta	0	Waigali or Kalasha-Ala (Indo-Aryan)	0	0	0
Serafina	Preston	0	Waima or Roro (Malayo-Polynesian)	0	0	0
Adelaide	Vance	0	Wakhi (Iranian)	0	0	0
Heidi	Barry	0	Walloon (Romance)	0	0	0
Gael	Johns	0	Waray-Waray or Binisaya (Malayo-Polynesian)	0	0	0
Edward	Eaton	0	Washo (Hokan)	0	0	0
Tobias	Blackwell	0	Welsh (Celtic)	0	0	0
Vivienne	Dyer	0	Western Neo-Aramaic (Semitic)	0	0	0
Misha	Prince	0	Wolane (Silt'e) (Semitic)	0	0	0
Jett	Macdonald	0	Wolof (Niger–Congo)	0	0	0
Diana	Solomon	0	Wu (Sinitic)	0	0	0
Evangeline	Guevara	0	Xhosa (Bantu)	0	0	0
Sahil	Stafford	0	Xiang (Sinitic)	0	0	0
Zahra	English	0	Xibe or Sibo (Tungusic)	0	0	0
Nyx	Hurst	0	Xipaya (Tupian)	0	0	0
Anjali	Woodard	0	Xóõ (Khoisan)	0	0	0
Keziah	Cortes	0	Yaaku language	0	0	0
Idalia	Shannon	0	Yaeyama language	0	0	0
Amelie	Kemp	0	Yaghnobi (Iranian)	0	0	0
Mimi	Nolan	0	Yakut	0	0	0
Maryam	Mccullough	0	Yankunytjatjara language	0	0	0
Rita	Merritt	0	Yanomami	0	0	0
Cassandra	Murillo	0	Yanyuwa	0	0	0
Asha	Moon	0	Yapese	0	0	0
Tatum	Salgado	0	Yaqui	0	0	0
Lucien	Strong	0	Yauma (Bantu)	0	0	0
Annalise	Kline	0	Yavapai	0	0	0
Shawn	Cordova	0	Yazdi (Iranian)	0	0	0
Zayne	Barajas	0	Yazgulyam or Yazgulami (Iranian)	0	0	0
Elisha	Roach	0	Yemenite Hebrew (Semitic)	0	0	0
Aris	Rosas	0	Yeni language	0	0	0
Eve	Winters	0	Yevanic language	0	0	0
Malik	Jacobson	0	Yi language	0	0	0
Reya	Lester	0	Yiddish (Germanic)	0	0	0
Nylah	Knox	0	Yidgha (Iranian)	0	0	0
Maggie	Bullock	0	Yogur (Mongolic)	0	0	0
Kate	Kerr	0	Yokutsan languages	0	0	0
Rowen	Leach	0	Yonaguni language	0	0	0
Raina	Meadows	0	Yoruba language	0	0	0
Julius	Orr	0	Yucatec Maya language	0	0	0
Zoya	Davila	0	Yucatec Maya Sign Language (Signing)	0	0	0
Bellamy	Whitehead	0	Yuchi language	0	0	0
Azaria	Pruitt	0	Yugur (Turkic)	0	0	0
Erica	Kent	0	Yukaghir languages	0	0	0
Lilly	Conway	0	Yupik language (Eskimo–Aleut)	0	0	0
Della	Mckee	0	Yurats language	0	0	0
Jocelyn	Barr	0	Yurok language	0	0	0
Alexandra	David	0	Záparo (Saparoan)	0	0	0
Kalani	Dejesus	0	Zapotec (Oto-Manguean)	0	0	0
Sarai	Marin	0	Zazaki (Iranian)	0	0	0
Nyra	Berger	0	Zulu (Niger–Congo) (Bantu)	0	0	0
Dakota	Mcintyre	0	Zuñi or Zuni (isolated)	0	0	0
Malia	Blankenship	0	Zway or Zay (Semitic)	0	0	0
Zariah	Gaines	0	0	0	0	0
Olive	Palacios	0	0	0	0	0
Kyla	Cuevas	0	0	0	0	0
Lewis	Bartlett	0	0	0	0	0
Kiana	Durham	0	0	0	0	0
Milan	Dorsey	0	0	0	0	0
Sonia	Mccall	0	0	0	0	0
Leona	O’Donnell	0	0	0	0	0
Christine	Stein	0	0	0	0	0
Lyric	Browning	0	0	0	0	0
Emmanuel	Stout	0	0	0	0	0
Mariah	Lowery	0	0	0	0	0
Trevor	Sloan	0	0	0	0	0
Anika	Mclean	0	0	0	0	0
Alani	Hendricks	0	0	0	0	0
Anais	Calhoun	0	0	0	0	0
Malcolm	Sexton	0	0	0	0	0
Stephanie	Chung	0	0	0	0	0
Adaline	Gentry	0	0	0	0	0
Noor	Hull	0	0	0	0	0
Elon	Duarte	0	0	0	0	0
Teo	Ellison	0	0	0	0	0
Trisha	Nielsen	0	0	0	0	0
Holly	Gillespie	0	0	0	0	0
Veronica	Buck	0	0	0	0	0
Dahlia	Middleton	0	0	0	0	0
Odette	Sellers	0	0	0	0	0
Etta	Leblanc	0	0	0	0	0
Romi	Esparza	0	0	0	0	0
Shay	Hardin	0	0	0	0	0
Sloan	Bradshaw	0	0	0	0	0
Haniya	Mcintosh	0	0	0	0	0
Keith	Howe	0	0	0	0	0
Joan	Livingston	0	0	0	0	0
Rhett	Frost	0	0	0	0	0
Jenna	Glass	0	0	0	0	0
Mikayla	Morse	0	0	0	0	0
Kendall	Knapp	0	0	0	0	0
Laila	Herman	0	0	0	0	0
Aoife	Stark	0	0	0	0	0
Kade	Bravo	0	0	0	0	0
Lilia	Noble	0	0	0	0	0
Winston	Spears	0	0	0	0	0
Kara	Weeks	0	0	0	0	0
Lois	Corona	0	0	0	0	0
Renée	Frederick	0	0	0	0	0
Denise	Buckley	0	0	0	0	0
Amora	Mcfarland	0	0	0	0	0
Yahya	Hebert	0	0	0	0	0
Harry	Enriquez	0	0	0	0	0
Aidan	Hickman	0	0	0	0	0
Dalia	Quintero	0	0	0	0	0
Murphy	Randolph	0	0	0	0	0
Teresa	Schaefer	0	0	0	0	0
Dillon	Walls	0	0	0	0	0
Emil	Trejo	0	0	0	0	0
Griffin	House	0	0	0	0	0
Shea	Reilly	0	0	0	0	0
Livia	Pennington	0	0	0	0	0
Kyler	Michael	0	0	0	0	0
Quincy	Conrad	0	0	0	0	0
Julie	Giles	0	0	0	0	0
Ahmed	Benjamin	0	0	0	0	0
Alayna	Crosby	0	0	0	0	0
Karan	Fitzpatrick	0	0	0	0	0
Alisha	Donovan	0	0	0	0	0
Lawrence	Mays	0	0	0	0	0
Reina	Mahoney	0	0	0	0	0
Aliza	Valentine	0	0	0	0	0
Kailani	Raymond	0	0	0	0	0
Ayaan	Medrano	0	0	0	0	0
Arielle	Hahn	0	0	0	0	0
Louie	Mcmillan	0	0	0	0	0
Armani	Small	0	0	0	0	0
Rayan	Bentley	0	0	0	0	0
Kane	Felix	0	0	0	0	0
Zaria	Peck	0	0	0	0	0
Tatiana	Lucero	0	0	0	0	0
Frankie	Boyle	0	0	0	0	0
Simone	Hanna	0	0	0	0	0
Davina	Pace	0	0	0	0	0
Collins	Rush	0	0	0	0	0
Miguel	Hurley	0	0	0	0	0
Finnegan	Harding	0	0	0	0	0
Frances	Mcconnell	0	0	0	0	0
Tanya	Bernal	0	0	0	0	0
Melvin	Nava	0	0	0	0	0
Mckenna	Ayers	0	0	0	0	0
Cairo	Everett	0	0	0	0	0
Elina	Ventura	0	0	0	0	0
Cedric	Avery	0	0	0	0	0
Ephraim	Pugh	0	0	0	0	0
Gigi	Mayer	0	0	0	0	0
Karen	Bender	0	0	0	0	0
Clementine	Shepard	0	0	0	0	0
Karina	Mcmahon	0	0	0	0	0
Wilder	Landry	0	0	0	0	0
Avani	Case	0	0	0	0	0
Martha	Sampson	0	0	0	0	0
Aarav	Moses	0	0	0	0	0
Roy	Magana	0	0	0	0	0
Onyx	Blackburn	0	0	0	0	0
Althea	Dunlap	0	0	0	0	0
Francesca	Gould	0	0	0	0	0
Rumi	Duffy	0	0	0	0	0
Octavia	Vaughan	0	0	0	0	0
Kiran	Herring	0	0	0	0	0
Yuna	Mckay	0	0	0	0	0
Tate	Espinosa	0	0	0	0	0
Kashvi	Rivers	0	0	0	0	0
Alison	Farley	0	0	0	0	0
Jensen	Bernard	0	0	0	0	0
Lorenzo	Ashley	0	0	0	0	0
Keanu	Friedman	0	0	0	0	0
Warren	Potts	0	0	0	0	0
Ray	Truong	0	0	0	0	0
Leslie	Costa	0	0	0	0	0
Koda	Correa	0	0	0	0	0
Maximus	Blevins	0	0	0	0	0
Alden	Nixon	0	0	0	0	0
Meera	Clements	0	0	0	0	0
Yana	Fry	0	0	0	0	0
Adalyn	Delarosa	0	0	0	0	0
Summer	Best	0	0	0	0	0
Guinevere	Benton	0	0	0	0	0
Hana	Lugo	0	0	0	0	0
Kiera	Portillo	0	0	0	0	0
Brenda	Dougherty	0	0	0	0	0
Ines	Crane	0	0	0	0	0
Jai	Haley	0	0	0	0	0
Cali	Phan	0	0	0	0	0
Maren	Villalobos	0	0	0	0	0
Hayes	Blanchard	0	0	0	0	0
Yusra	Horne	0	0	0	0	0
Rey	Finley	0	0	0	0	0
Sylvie	Quintana	0	0	0	0	0
Marina	Lynn	0	0	0	0	0
Sheila	Esquivel	0	0	0	0	0
Marlowe	Bean	0	0	0	0	0
Ash	Dodson	0	0	0	0	0
Yvette	Mullen	0	0	0	0	0
Cayden	Xiong	0	0	0	0	0
Tabitha	Hayden	0	0	0	0	0
Tilly	Cano	0	0	0	0	0
Nash	Levy	0	0	0	0	0
Romeo	Huber	0	0	0	0	0
Dorothy	Richmond	0	0	0	0	0
Sia	Moyer	0	0	0	0	0
Flora	Lim	0	0	0	0	0
Cindy	Frye	0	0	0	0	0
Odin	Sheppard	0	0	0	0	0
Reyna	Mccarty	0	0	0	0	0
Ayana	Avalos	0	0	0	0	0
Ambrose	Booker	0	0	0	0	0
Kenji	Waller	0	0	0	0	0
Donovan	Parra	0	0	0	0	0
Zola	Woodward	0	0	0	0	0
Aditi	Jaramillo	0	0	0	0	0
Jalen	Krueger	0	0	0	0	0
Jemma	Rasmussen	0	0	0	0	0
Collin	Brandt	0	0	0	0	0
Alia	Peralta	0	0	0	0	0
Jane	Donaldson	0	0	0	0	0
Carlos	Stuart	0	0	0	0	0
Tina	Faulkner	0	0	0	0	0
Kora	Maynard	0	0	0	0	0
Celia	Galindo	0	0	0	0	0
Kaya	Coffey	0	0	0	0	0
Neve	Estes	0	0	0	0	0
Jax	Sanford	0	0	0	0	0
Sol	Burch	0	0	0	0	0
Fallon	Maddox	0	0	0	0	0
Ronin	Vo	0	0	0	0	0
Nicole	O’Connell	0	0	0	0	0
Arabella	Vu	0	0	0	0	0
Gwen	Andersen	0	0	0	0	0
Andre	Spence	0	0	0	0	0
Cordelia	Mcpherson	0	0	0	0	0
Jael	Church	0	0	0	0	0
Persephone	Schmitt	0	0	0	0	0
Cain	Stanton	0	0	0	0	0
Elyse	Leal	0	0	0	0	0
Diane	Cherry	0	0	0	0	0
Devon	Compton	0	0	0	0	0
Ralph	Dudley	0	0	0	0	0
Noemi	Sierra	0	0	0	0	0
Grey	Pollard	0	0	0	0	0
Oren	Alfaro	0	0	0	0	0
Aila	Hester	0	0	0	0	0
Arian	Proctor	0	0	0	0	0
Zora	Lu	0	0	0	0	0
Brynn	Hinton	0	0	0	0	0
Darren	Novak	0	0	0	0	0
Juliana	Good	0	0	0	0	0
Catalina	Madden	0	0	0	0	0
Daniella	Mccann	0	0	0	0	0
Braxton	Terrell	0	0	0	0	0
Bradley	Jarvis	0	0	0	0	0
Amirah	Dickson	0	0	0	0	0
Samira	Reyna	0	0	0	0	0
Marion	Cantrell	0	0	0	0	0
Alfie	Mayo	0	0	0	0	0
Javier	Branch	0	0	0	0	0
Lulu	Hendrix	0	0	0	0	0
Mona	Rollins	0	0	0	0	0
Bea	Rowland	0	0	0	0	0
Mathias	Whitney	0	0	0	0	0
Denzel	Duke	0	0	0	0	0
Kylo	Odom	0	0	0	0	0
Allegra	Daugherty	0	0	0	0	0
Ollie	Travis	0	0	0	0	0
Raine	Tang	0	0	0	0	0
Barbara	Bardanno	0	0	0	0	0
Gian	Konnanov	0	0	0	0	0
Aida	Manada	0	0	0	0	0
Gracie	Ansia	0	0	0	0	0
Coco	Tuffle	0	0	0	0	0
Maurice	Mayoni	0	0	0	0	0
Sanjana	Somonoff	0	0	0	0	0